ID,BG,IP,EA,PAH DPO
C411,4.4423046,6.5391072,2.0968026,0.5
C412,4.3448928,6.4381581,2.0932653,0.5
C421,3.9892581,6.2136756,2.2244175,0.5
C422,3.8940231,6.2324505,2.3384274,0.5
C423,3.9538851,6.2207502,2.2668651,0.5
C424,3.9976932,6.2430624,2.2453692,0.5
C425,4.0183728,6.225648,2.2072752,0.5
C426,3.8823228,6.0825234,2.2002006,0.5
C431,3.9620481,6.1581672,2.1961191,1.08
C432,3.9166074,6.2381646,2.3215572,1.08
C433,3.9416406,6.1777584,2.2361178,1.08
C434,4.0371477,6.2191176,2.1819699,1.08
C435,4.0142913,6.2063289,2.1920376,1.08
C436,3.8635479,6.0849723,2.2214244,1.08
C4410,3.5794755,6.0536808,2.4742053,1.7
C4411,3.5111784,5.9959956,2.4848172,1.7
C4412,3.447507,5.9965398,2.5490328,1.7
C445,3.5669589,6.0387153,2.4717564,1.7
C446,3.5552586,5.9897373,2.4344787,1.7
C447,3.4807032,6.0523203,2.5716171,1.7
C448,3.5087295,6.0076959,2.4989664,1.7
C449,3.5900874,6.056946,2.4668586,1.7
C451,2.6459004,5.5013178,2.8554174,2.85
C452,2.674743,5.5609077,2.8861647,2.85
C455,2.606718,5.5668939,2.9601759,2.85
C51010,3.2714583,5.8316472,2.5601889,2.03
C51011,3.3375786,5.8806252,2.5430466,2.03
C51012,3.3337692,5.8776321,2.5438629,2.03
C51013,3.2603022,5.8087908,2.5484886,2.03
C51014,3.1901004,5.8161375,2.6260371,2.03
C5107,3.316899,5.8457964,2.5288974,2.03
C5108,3.3049266,5.855592,2.5506654,2.03
C5109,3.2475135,5.8830741,2.6355606,2.03
C51111,2.8358262,5.6346468,2.7988206,2.6
C51112,2.8023579,5.5764174,2.7740595,2.6
C51113,2.759094,5.6253954,2.8663014,2.6
C51114,2.7661686,5.5946481,2.8284795,2.6
C51110,2.8377309,5.6354631,2.7977322,2.6
C5115,2.8303842,5.6003622,2.769978,2.6
C5116,2.8396356,5.5312488,2.6916132,2.6
C5117,2.7735153,5.6248512,2.8513359,2.6
C5118,2.761815,5.6395446,2.8777296,2.6
C5119,2.8012695,5.5815873,2.7803178,2.6
C5121,2.1199311,5.1775188,3.0575877,3.7
C5122,2.135985,5.2425507,3.1065657,3.7
C5125,2.0894559,5.2422786,3.1528227,3.7
C5126,2.0864628,5.2746585,3.1881957,3.7
C51.1,3.8755203,6.1864656,2.3109453,0.83
C51.10,3.8932068,6.124971,2.2317642,0.83
C51.13,3.7560684,5.9260659,2.1699975,0.83
C51.14,3.8371542,6.0387153,2.2015611,0.83
C51.6,3.850215,6.1263315,2.2761165,0.83
C51.7,3.9054513,6.2123151,2.3068638,0.83
C51.8,3.8646363,6.1252431,2.2606068,0.83
C51.9,3.8477661,6.1720443,2.3242782,0.83
C521,3.7310352,5.8994001,2.1683649,1.19
C527,3.8099442,6.1470111,2.3370669,0.83
C525,3.8347053,6.1709559,2.3362506,1.19
C523,3.8787855,6.1363992,2.2576137,1.19
C524,3.880146,6.1127265,2.2325805,1.19
C526,3.9136143,6.1587114,2.2450971,1.19
C522,3.9293961,6.084156,2.1547599,1.19
C531,3.8521197,6.1143591,2.2622394,0.83
C532,3.866541,6.1674186,2.3008776,0.83
C533,3.8736156,6.089598,2.2159824,0.83
C534,3.9587829,6.1317735,2.1729906,0.83
C535,3.9337497,6.1165359,2.1827862,0.83
C536,3.7933461,5.9951793,2.2018332,0.83
C5412,3.8423241,6.0773535,2.2350294,0.83
C5413,3.8423241,6.0773535,2.2350294,0.83
C5411,3.866541,5.9968119,2.1302709,0.83
C544,3.8885811,6.1410249,2.2524438,0.83
C545,3.8981046,6.1252431,2.2271385,0.83
C541,3.8371542,6.0727278,2.2355736,0.83
C542,3.7585173,6.1325898,2.3740725,0.83
C546,3.7465449,5.9930025,2.2464576,0.83
C5414,3.7481775,5.9407593,2.1925818,0.83
C558,3.5870943,6.0101448,2.4230505,1.45
C557,3.6300861,6.1048356,2.4747495,1.45
C556,3.6665475,6.0376269,2.3710794,1.45
C555,3.6921249,6.0882375,2.3961126,1.45
C565,3.5854617,6.0822513,2.4967896,1.45
C566,3.6211068,6.0746325,2.4535257,1.45
C567,3.7043694,6.130413,2.4260436,1.45
C577,3.5435583,5.997084,2.4535257,1.45
C576,3.6358002,6.002526,2.3667258,1.45
C575,3.6472284,6.059667,2.4124386,1.45
C581,3.3043824,5.8085187,2.5041363,1.62
C582,3.3974406,5.8373613,2.4399207,1.62
C585,3.4273716,5.8830741,2.4557025,1.62
C586,3.4358067,5.9538201,2.5180134,1.62
C583,3.5027433,5.9306916,2.4279483,1.62
C584,3.5043759,5.9374941,2.4331182,1.62
C587,3.5250555,5.9957235,2.470668,1.62
C5910,3.2534997,5.8188585,2.5653588,2.03
C5912,3.3065592,5.8542315,2.5476723,2.03
C5913,3.2252013,5.7606291,2.5354278,2.03
C5914,3.1982634,5.7867507,2.5884873,2.03
C597,3.2975799,5.8403544,2.5427745,2.03
C598,3.248874,5.8213074,2.5724334,2.03
C599,3.2238408,5.8632108,2.63937,2.03
C61.1,1.7297397,4.9402476,3.2105079,4.5
C61.2,1.7392632,5.0060958,3.2668326,4.5
C61.5,1.7038902,4.9968444,3.2929542,4.5
C61.6,1.7028018,5.0436456,3.3408438,4.5
C62.10,2.2592463,5.2547952,2.9955489,3.45
C62.11,2.2780212,5.3143851,3.0363639,3.45
C62.12,2.277477,5.314113,3.036636,3.45
C62.13,2.2597905,5.2523463,2.9925558,3.45
C62.14,2.2263222,5.3103036,3.0839814,3.45
C62.15,2.2236012,5.3260854,3.1024842,3.45
C62.16,2.2355736,5.2643187,3.0287451,3.45
C62.5,2.274756,5.2757469,3.0009909,3.45
C62.6,2.2880889,5.1984705,2.9103816,3.45
C62.7,2.2361178,5.2866309,3.0505131,3.45
C62.8,2.2260501,5.3375136,3.1114635,3.45
C62.9,2.2268664,5.3160177,3.0891513,3.45
C63.1,2.9054838,5.6645778,2.759094,2.52
C63.10,2.8284795,5.6672988,2.8388193,2.52
C6410,2.6254929,5.5462143,2.9207214,2.93
C6411,2.6649474,5.4898896,2.8249422,2.93
C6412,2.696511,5.5434933,2.8469823,2.93
C653,2.933238,5.6330142,2.6997762,2.35
C654,2.9566386,5.5840362,2.6273976,2.35
C656,2.9979978,5.6338305,2.6358327,2.35
C661,2.9150073,5.656959,2.7419517,2.35
C666,2.9879301,5.6751897,2.6872596,2.35
C667,2.9911953,5.6136951,2.6224998,2.35
C668,2.9245308,5.6991345,2.7746037,2.35
C677,3.4589352,5.8985838,2.4396486,1.78
C678,3.4235622,5.9113725,2.4878103,1.78
C679,3.3881892,5.9274264,2.5392372,1.78
C6710,3.425739,5.8512384,2.4254994,1.78
C6711,3.4469628,5.9064747,2.4595119,1.78
C6716,3.2665605,5.8221237,2.5555632,1.78
C681,3.2994846,5.7834855,2.4840009,1.95
C683,3.2562207,5.8653876,2.6091669,1.95
C684,3.2823423,5.8221237,2.5397814,1.95
C685,3.3427485,5.869197,2.5264485,1.95
C688,3.2075148,5.806614,2.5990992,1.95
C691,3.6371607,5.8327356,2.1955749,0.75
C693,3.7476333,6.0158589,2.2682256,0.75
C695,3.6757989,6.0245661,2.3487672,0.75
C696,3.7296747,5.9845674,2.2548927,0.75
C61011,2.6478051,5.4648564,2.8170513,2.93
C6107,2.6763756,5.4942432,2.8178676,2.93
C6108,2.6605938,5.4458094,2.7852156,2.93
C6111,2.9054838,5.6580474,2.7525636,2.35
C6116,2.9813997,5.6716524,2.6902527,2.35
C6117,2.987658,5.6058042,2.6181462,2.35
C6118,2.9155515,5.6792712,2.7637197,2.35
C6125,2.9065722,5.5666218,2.6600496,2.35
C6127,2.8943277,5.6169603,2.7226326,2.35
C6128,2.9471151,5.5938318,2.6467167,2.35
C6137,2.8959603,5.6447145,2.7487542,2.35
C61411,3.3566256,5.8466127,2.4899871,1.73
C6148,3.4385277,5.9157261,2.4771984,1.73
C6149,3.4333578,5.9111004,2.4777426,1.73
C6157,3.4698192,5.9312358,2.4614166,1.37
C6158,3.4807032,5.9568132,2.47611,1.37
C6159,3.4695471,5.8945023,2.4249552,1.37
C61516,3.3536325,5.7429426,2.3893101,1.37
C6161,3.6962064,5.8523268,2.1561204,1.17
C6163,3.8050464,5.9138214,2.108775,1.17
C6164,3.5851896,5.7940974,2.2089078,1.17
C6171,3.4823358,5.9783091,2.4959733,1.37
C6173,3.5095458,5.9513712,2.4418254,1.37
C6181,3.1669719,5.7263445,2.5593726,2.37
C6183,3.1498296,5.733147,2.5833174,2.37
C6184,3.1996239,5.7747783,2.5751544,2.37
C6185,3.0695601,5.697774,2.6282139,2.37
C6191,3.8235492,6.092319,2.2687698,0.58
C61912,3.7778364,6.0833397,2.3055033,0.58
C6201,3.7674966,6.1475553,2.3800587,1.2
C6202,3.7506264,6.0969447,2.3463183,1.2
C6203,3.6744384,6.0844281,2.4099897,1.2
C6209,3.610767,6.0444294,2.4336624,1.2
C6211,3.3539046,5.871918,2.5180134,1.78
C6212,3.4088688,5.8885161,2.4796473,1.78
C6213,3.4314531,5.8811694,2.4497163,1.78
C6215,3.308736,5.8400823,2.5313463,1.78
C6216,3.4023384,5.8185864,2.416248,1.78
C6217,3.4328136,5.8953186,2.462505,1.78
C6221,3.3500952,5.8713738,2.5212786,1.95
C6222,3.3106407,5.8455243,2.5348836,1.95
C6223,3.2837028,5.8958628,2.61216,1.95
C6224,3.3120012,5.8547757,2.5427745,1.95
C6231,3.3680538,5.869197,2.5011432,1.78
C6232,3.4292763,5.8958628,2.4665865,1.78
C6235,3.335946,5.8354566,2.4995106,1.78
C6236,3.3800262,5.7845739,2.4045477,1.78
C6238,3.3588024,5.8770879,2.5182855,1.78
C6241,3.5375721,5.7500172,2.2124451,1.17
C6245,3.6940296,5.9034816,2.209452,1.17
C6251,3.7427355,6.0626601,2.3199246,1.17
C6252,3.7266816,6.1124544,2.3857728,1.17
C6253,3.7846389,6.1067403,2.3221014,1.17
C6261,3.4105014,5.8817136,2.4712122,1.78
C6262,3.3487347,5.8215795,2.4728448,1.78
C6263,3.3340413,5.836545,2.5025037,1.78
C6264,3.5860059,5.7546429,2.168637,1.78
C6265,3.5631495,5.7660711,2.2029216,1.78
C6271,3.3582582,5.8770879,2.5188297,1.95
C6272,3.357714,5.8770879,2.5193739,1.95
C6273,3.2875122,5.9086515,2.6211393,1.95
C6274,3.3095523,5.8585851,2.5490328,1.95
C6281,3.4254669,5.8836183,2.4581514,1.78
C6282,3.3555372,5.8681086,2.5125714,1.78
C6283,3.3560814,5.9040258,2.5479444,1.78
C6284,3.4058757,5.841987,2.4361113,1.78
C6286,3.2662884,5.7968184,2.53053,1.78
C6291,3.5884548,5.8199469,2.2314921,1.17
C6292,3.6366165,5.9965398,2.3599233,1.17
C6293,3.6858666,5.9527317,2.2668651,1.17
C6294,3.6276372,5.896407,2.2687698,1.17
C6301,3.3405717,5.817498,2.4769263,1.78
C6302,3.4238343,5.861034,2.4371997,1.78
C6303,3.3147222,5.8109676,2.4962454,1.78
C6311,3.6238278,5.9557248,2.331897,1.17
C6318,3.7138929,5.9932746,2.2793817,1.17
C6321,3.6205626,5.8904208,2.2698582,0.58
C6322,3.6061413,6.0014376,2.3952963,0.58
C6331,3.5710404,5.9750439,2.4040035,1.17
C6332,3.6148485,5.8928697,2.2780212,1.17
C6339,3.7106277,5.9429361,2.2323084,1.17
C63310,3.6197463,5.9162703,2.296524,1.17
C6341,3.6665475,5.9747718,2.3082243,1.17
C6342,3.7582452,6.0196683,2.2614231,1.17
C441,3.6504936,5.8400823,2.1895887,1.7
C442,3.6153927,5.9720508,2.3566581,1.7
C443,3.6145764,5.9891931,2.3746167,1.7
C444,3.7043694,5.953548,2.2491786,1.7
C5101,3.4105014,5.6958693,2.2853679,2.03
C5102,3.3266946,5.8316472,2.5049526,2.03
C5103,3.3710469,5.7668874,2.3958405,2.03
C5104,3.3854682,5.8082466,2.4227784,2.03
C5105,3.4213854,5.7962742,2.3748888,2.03
C5106,3.2945868,5.6849853,2.3903985,2.03
C5111,2.8877973,5.4071712,2.5193739,2.6
C5112,2.8747365,5.5334256,2.6586891,2.6
C5113,2.8614036,5.5554657,2.6940621,2.6
C51.2,3.9430011,6.1625208,2.2195197,0.83
C51.3,3.9911628,6.2003427,2.2091799,0.83
C51.4,4.0044957,6.1970775,2.1925818,0.83
C51.5,3.8670852,6.0860607,2.2189755,0.83
C547,3.8303517,5.9622552,2.1319035,0.83
C549,3.8387868,6.0996657,2.2608789,0.83
C5410,3.9030024,6.0267429,2.1237405,0.83
C548,4.0132029,6.0817071,2.0685042,0.83
C551,3.7201512,5.8830741,2.1629229,1.45
C553,3.7460007,6.0517761,2.3057754,1.45
C552,3.7487217,6.0281034,2.2793817,1.45
C554,3.8455893,6.021573,2.1759837,1.45
C562,3.7190628,6.0414363,2.3223735,1.45
C564,3.7236885,5.9029374,2.1792489,1.45
C563,3.7721223,6.0196683,2.247546,1.45
C561,3.8328006,5.983479,2.1506784,1.45
C572,3.6983832,5.9938188,2.2954356,1.45
C571,3.706002,5.8588572,2.1528552,1.45
C573,3.7226001,6.0117774,2.2891773,1.45
C574,3.7791969,5.9764044,2.1972075,1.45
C591,3.2197593,5.5649892,2.3452299,2.03
C592,3.3394833,5.7475683,2.408085,2.03
C593,3.3220689,5.7913764,2.4693075,2.03
C594,3.3128175,5.7709689,2.4581514,2.03
C595,3.257037,5.809335,2.552298,2.03
C596,3.3696864,5.7679758,2.3982894,2.03
C62.1,2.3147547,5.0942562,2.7795015,3.45
C62.3,2.2976124,5.2360203,2.9384079,3.45
C62.4,2.3245503,5.2060893,2.881539,3.45
C62.2,2.3076801,5.2098987,2.9022186,3.45
C63.12,2.9424894,5.537235,2.5947456,2.52
C63.13,2.9803113,5.5429491,2.5626378,2.52
C63.14,2.8575942,5.4205041,2.5629099,2.52
C642,2.7177348,5.4496188,2.731884,2.93
C643,2.7517473,5.3938383,2.642091,2.93
C664,3.0222147,5.6360073,2.6137926,2.35
C6713,3.4994781,5.8702854,2.3708073,1.78
C674,3.5130831,5.8762716,2.3631885,1.78
C686,3.3383949,5.7279771,2.3895822,1.95
C687,3.42846,5.7464799,2.3180199,1.95
C6113,3.0273846,5.6087973,2.5814127,2.35
C6115,3.0695601,5.5976412,2.5280811,2.35
C6131,2.995821,5.5328814,2.5370604,2.35
C61416,3.3302319,5.7426705,2.4124386,1.73
C6143,3.5119947,5.793009,2.2810143,1.73
C6144,3.5117226,5.8248447,2.3131221,1.73
C6147,3.4241064,5.8324635,2.4083571,1.73
C6155,3.5070969,5.9374941,2.4303972,1.37
C6156,3.4328136,5.9878326,2.555019,1.37
C6172,3.6986553,5.8923255,2.1936702,1.37
C6175,3.7054578,6.0047028,2.299245,1.37
C6186,3.1906446,5.4977805,2.3071359,2.37
C6187,3.2660163,5.6172324,2.3512161,2.37
C6188,3.2197593,5.6871621,2.4674028,2.37
C6189,3.161802,5.5581867,2.3963847,2.37
C61910,3.9244983,6.1162638,2.1917655,0.58
C61911,3.8042301,5.997084,2.1928539,0.58
C6192,3.7726665,5.9328684,2.1602019,0.58
C6193,3.9506199,6.0632043,2.1125844,0.58
C6194,3.8997372,6.0087843,2.1090471,0.58
C6195,3.9721158,6.0659253,2.0938095,0.58
C6196,3.9704832,6.0795303,2.1090471,0.58
C6197,3.8322564,5.9358615,2.1036051,0.58
C6198,3.7919856,6.0096006,2.217615,0.58
C6199,3.8730714,6.0721836,2.1991122,0.58
C6204,3.7538916,5.910012,2.1561204,1.2
C6205,3.8477661,6.0373548,2.1895887,1.2
C6206,3.8989209,5.9992608,2.1003399,1.2
C6207,3.9342939,6.0389874,2.1046935,1.2
C6208,3.7598778,5.9260659,2.1661881,1.2
C62010,3.8902137,6.0746325,2.1844188,1.2
C6214,3.5283207,5.844708,2.3163873,1.78
C6218,3.5130831,5.7154605,2.2023774,1.78
C6225,3.4439697,5.7565476,2.3125779,1.95
C6226,3.2997567,5.5581867,2.25843,1.95
C6227,3.3816588,5.744031,2.3623722,1.95
C6228,3.3416601,5.8215795,2.4799194,1.95
C6233,3.4880499,5.8245726,2.3365227,1.78
C6234,3.3754005,5.8648434,2.4894429,1.78
C6237,3.5419257,5.8172259,2.2753002,1.78
C6242,3.7375656,5.9361336,2.198568,1.17
C6243,3.6175695,6.0090564,2.3914869,1.17
C6244,3.7108998,5.9513712,2.2404714,1.17
C6246,3.7391982,5.9755881,2.2363899,1.17
C6254,3.8292633,6.0463341,2.2170708,1.17
C6255,3.8050464,6.0686463,2.2635999,1.17
C6256,3.7465449,5.8708296,2.1242847,1.17
C6257,3.9881697,6.0365385,2.0483688,1.17
C6258,3.7751154,5.9587179,2.1836025,1.17
C6259,3.9764694,6.06783,2.0913606,1.17
C6266,3.5242392,5.8449801,2.3207409,1.78
C6267,3.4124061,5.8651155,2.4527094,1.78
C6268,3.4782543,5.7516498,2.2733955,1.78
C6275,3.4714518,5.7094743,2.2380225,1.95
C6276,3.3865566,5.8360008,2.4494442,1.95
C6277,3.4945803,5.7565476,2.2619673,1.95
C6278,3.3773052,5.670564,2.2932588,1.95
C62810,3.4820637,5.8335519,2.3514882,1.78
C6285,3.4290042,5.6117904,2.1827862,1.78
C6287,3.3204363,5.6365515,2.3161152,1.78
C6288,3.4387998,5.8482453,2.4094455,1.78
C6289,3.4227459,5.8340961,2.4113502,1.78
C6295,3.6820572,5.9981724,2.3161152,1.17
C6296,3.6485889,6.0275592,2.3789703,1.17
C6304,3.3190758,5.6289327,2.3098569,1.78
C6305,3.4643772,5.7905601,2.3261829,1.78
C6306,3.4298205,5.8164096,2.3865891,1.78
C6308,3.4417929,5.8161375,2.3743446,1.78
C63110,3.7389261,6.062388,2.3234619,1.17
C6315,3.7299468,5.9951793,2.2652325,1.17
C6316,3.7585173,6.0109611,2.2524438,1.17
C6317,3.6015156,5.8014441,2.1999285,1.17
C6319,3.7677687,6.0082401,2.2404714,1.17
C6323,3.6902202,5.9981724,2.3079522,0.58
C6324,3.6782478,5.9513712,2.2731234,0.58
C6325,3.7400145,6.0485109,2.3084964,0.58
C6326,3.6646428,5.9706903,2.3060475,0.58
C6327,3.6902202,5.9981724,2.3079522,0.58
C6333,3.6458679,5.9761323,2.3302644,1.17
C6334,3.7470891,5.9666088,2.2195197,1.17
C6335,3.5906316,5.8368171,2.2461855,1.17
C6336,3.6513099,5.9706903,2.3193804,1.17
C6337,3.6211068,5.9377662,2.3166594,1.17
C6338,3.5955294,5.8460685,2.2505391,1.17
C6343,3.7144371,6.0357222,2.3212851,1.17
C6344,3.8077674,6.010689,2.2029216,1.17
C6345,3.6964785,5.9132772,2.2167987,1.17
C6346,3.7987881,5.9959956,2.1972075,1.17
